{
  "id": "sea-of-decay-depthcrawl",
  "title": "Sea of Decay Depthcrawl",
  "version": "1.0.0",
  "compatibility": {
    "minimum": "11",
    "verified": "11"
  },
  "authors": [
    {
      "name": "SpookyBoogy",
      "flags": {}
    }
  ],
  "packs": [
    {
      "name": "tables",
      "label": "Tables",
      "path": "packs/tables",
      "type": "RollTable",
      "ownership": {
        "PLAYER": "OBSERVER",
        "ASSISTANT": "OWNER"
      },
      "flags": {}
    },
    {
      "name": "macros",
      "label": "Macros",
      "path": "packs/macros",
      "type": "Macro",
      "ownership": {
        "PLAYER": "OBSERVER",
        "ASSISTANT": "OWNER"
      },
      "flags": {}
    }
  ]
}